vial_ID,first_frame,last_frame,slope,intercept,r_value,p_value,std_err,genotype,sex,day,rep
w1118_m1,68,118,1.945552,20.1672,0.9942,0.0,0.0193,w1118,m,2,1
w1118_m2,19,69,2.029034,2.4232,0.9983,0.0,0.011,w1118,m,2,1
w1118_m3,68,118,1.898224,24.1117,0.9892,0.0,0.0259,w1118,m,2,1
